slug,City,Country,Region,Tier,lat,lon,Known sources,Events listed,On site,Last swept,Reader caveat,Crawl safety rule,Notes
lisbon,Lisbon,Portugal,Iberia,1,38.722,-9.139,,,0,,,,
porto,Porto,Portugal,Iberia,1,41.15,-8.61,,,0,,,,
setubal,Setúbal,Portugal,Iberia,3,38.524,-8.892,,,0,,,,
santarem,Santarém,Portugal,Iberia,3,39.236,-8.686,,,0,,,,
leiria,Leiria,Portugal,Iberia,3,39.744,-8.807,,,0,,,,
castelo-branco,Castelo Branco,Portugal,Iberia,3,39.822,-7.491,,,0,,,,
funchal,Funchal,Portugal,Iberia,3,32.65,-16.908,,,0,,,,
guimaraes,Guimarães,Portugal,Iberia,3,41.442,-8.292,,,0,,,,
viseu,Viseu,Portugal,Iberia,3,40.661,-7.909,,,0,,,,
coimbra,Coimbra,Portugal,Iberia,3,40.204,-8.411,,,0,,,,
braga,Braga,Portugal,Iberia,3,41.545,-8.426,,,0,,,,
faro,Faro,Portugal,Iberia,3,37.019,-7.93,,,0,,,,
madrid,Madrid,Spain,Iberia,1,40.417,-3.704,,,0,,,,
barcelona,Barcelona,Spain,Iberia,1,41.385,2.173,,,0,,,,
valencia,Valencia,Spain,Iberia,2,39.47,-0.377,,,0,,,,
seville,Seville,Spain,Iberia,2,37.389,-5.984,,,0,,,,
bilbao,Bilbao,Spain,Iberia,3,43.263,-2.935,,,0,,,,
maspalomas,Maspalomas,Spain,Iberia,2,27.76,-15.586,,,0,,,,
sitges,Sitges,Spain,Iberia,2,41.237,1.805,,,0,,,,
torremolinos,Torremolinos,Spain,Iberia,2,36.62,-4.5,,,0,,,,
paris,Paris,France,Western Europe,1,48.857,2.352,,,0,,,,
marseille,Marseille,France,Western Europe,2,43.297,5.381,,,0,,,,
lyon,Lyon,France,Western Europe,2,45.764,4.836,,,0,,,,
toulouse,Toulouse,France,Western Europe,3,43.605,1.444,,,0,,,,
nice,Nice,France,Western Europe,3,43.71,7.262,,,0,,,,
berlin,Berlin,Germany,Central Europe,1,52.52,13.405,,,0,,,,
cologne,Cologne,Germany,Central Europe,1,50.938,6.96,,,0,,,,
munich,Munich,Germany,Central Europe,2,48.137,11.576,,,0,,,,
hamburg,Hamburg,Germany,Central Europe,2,53.551,9.994,,,0,,,,
frankfurt,Frankfurt,Germany,Central Europe,2,50.111,8.682,,,0,,,,
leipzig,Leipzig,Germany,Central Europe,3,51.34,12.375,,,0,,,,
stuttgart,Stuttgart,Germany,Central Europe,3,48.776,9.182,,,0,,,,
amsterdam,Amsterdam,Netherlands,Western Europe,1,52.37,4.895,,,0,,,,
rotterdam,Rotterdam,Netherlands,Western Europe,2,51.924,4.478,,,0,,,,
utrecht,Utrecht,Netherlands,Western Europe,3,52.091,5.122,,,0,,,,
the-hague,The Hague,Netherlands,Western Europe,3,52.078,4.288,,,0,,,,
brussels,Brussels,Belgium,Western Europe,1,50.851,4.352,,,0,,,,
antwerp,Antwerp,Belgium,Western Europe,2,51.22,4.402,,,0,,,,
ghent,Ghent,Belgium,Western Europe,3,51.054,3.717,,,0,,,,
london,London,United Kingdom,British Isles,1,51.507,-0.128,,,0,,,,
manchester,Manchester,United Kingdom,British Isles,1,53.481,-2.242,,,0,,,,
brighton,Brighton,United Kingdom,British Isles,1,50.822,-0.137,,,0,,,,
birmingham,Birmingham,United Kingdom,British Isles,2,52.487,-1.89,,,0,,,,
glasgow,Glasgow,United Kingdom,British Isles,2,55.861,-4.25,,,0,,,,
edinburgh,Edinburgh,United Kingdom,British Isles,2,55.953,-3.189,,,0,,,,
cardiff,Cardiff,United Kingdom,British Isles,3,51.481,-3.179,,,0,,,,
belfast,Belfast,United Kingdom,British Isles,3,54.597,-5.93,,,0,,,,
leeds,Leeds,United Kingdom,British Isles,3,53.801,-1.549,,,0,,,,
liverpool,Liverpool,United Kingdom,British Isles,3,53.408,-2.992,,,0,,,,
dublin,Dublin,Ireland,British Isles,1,53.35,-6.26,,,0,,,,
cork,Cork,Ireland,British Isles,3,51.898,-8.475,,,0,,,,
rome,Rome,Italy,Southern Europe,1,41.903,12.496,,,0,,,,
milan,Milan,Italy,Southern Europe,1,45.464,9.19,,,0,,,,
turin,Turin,Italy,Southern Europe,2,45.07,7.687,,,0,,,,EuroPride 2027 host (18-26 Jun 2027)
bologna,Bologna,Italy,Southern Europe,2,44.494,11.343,,,0,,,,
naples,Naples,Italy,Southern Europe,3,40.852,14.268,,,0,,,,
florence,Florence,Italy,Southern Europe,3,43.77,11.256,,,0,,,,
vienna,Vienna,Austria,Central Europe,1,48.208,16.373,,,0,,,,
zurich,Zurich,Switzerland,Central Europe,2,47.377,8.542,,,0,,,,
geneva,Geneva,Switzerland,Central Europe,3,46.204,6.143,,,0,,,,
prague,Prague,Czechia,Central Europe,1,50.076,14.438,,,0,,,,
brno,Brno,Czechia,Central Europe,3,49.195,16.608,,,0,,,,
warsaw,Warsaw,Poland,Central Europe,2,52.23,21.012,,,0,,Poland has seen 'LGBT-free zone' resolutions and organised counter-demonstrations at marches. Check the organiser's own channels before travelling.,"HOSTILE-CLIMATE COUNTRY: 'LGBT-free zone' resolutions and counter-demonstrations have affected Polish marches. Cite the organiser, never add a venue or an attribution the organiser has not published.",
krakow,Kraków,Poland,Central Europe,3,50.065,19.945,,,0,,Poland has seen 'LGBT-free zone' resolutions and organised counter-demonstrations at marches. Check the organiser's own channels before travelling.,HOSTILE-CLIMATE COUNTRY: see Warsaw note.,
poznan,Poznań,Poland,Central Europe,3,52.407,16.925,,,0,,Poland has seen 'LGBT-free zone' resolutions and organised counter-demonstrations at marches. Check the organiser's own channels before travelling.,HOSTILE-CLIMATE COUNTRY: see Warsaw note.,
gdansk,Gdańsk,Poland,Central Europe,3,54.352,18.646,,,0,,Poland has seen 'LGBT-free zone' resolutions and organised counter-demonstrations at marches. Check the organiser's own channels before travelling.,HOSTILE-CLIMATE COUNTRY: see Warsaw note.,
budapest,Budapest,Hungary,Central Europe,2,47.498,19.04,,,0,,"Hungarian law restricts the public depiction of LGBTQIA+ content, and Pride events have faced official bans and legal challenges. Confirm with the organisers before travelling.","HOSTILE-CLIMATE COUNTRY: Hungarian law restricts the public depiction of LGBTQIA+ content and Pride has faced official bans and legal threats. Publish only what the organiser has published, never a venue they have withheld, and never name participants.",
copenhagen,Copenhagen,Denmark,Nordics,1,55.677,12.569,,,0,,,,
aarhus,Aarhus,Denmark,Nordics,3,56.163,10.204,,,0,,,,
stockholm,Stockholm,Sweden,Nordics,1,59.329,18.069,,,0,,,,
gothenburg,Gothenburg,Sweden,Nordics,2,57.709,11.974,,,0,,,,
malmo,Malmö,Sweden,Nordics,3,55.605,13.003,,,0,,,,
oslo,Oslo,Norway,Nordics,1,59.914,10.752,,,0,,,,
helsinki,Helsinki,Finland,Nordics,2,60.17,24.938,,,0,,,,
reykjavik,Reykjavík,Iceland,Nordics,2,64.147,-21.94,,,0,,,,
athens,Athens,Greece,Southern Europe,2,37.984,23.728,,,0,,,,
thessaloniki,Thessaloniki,Greece,Southern Europe,3,40.64,22.944,,,0,,,,
zagreb,Zagreb,Croatia,Balkans,2,45.815,15.982,,,0,,,,
split,Split,Croatia,Balkans,3,43.508,16.44,,,0,,,,
ljubljana,Ljubljana,Slovenia,Balkans,2,46.056,14.508,,,0,,,,
belgrade,Belgrade,Serbia,Balkans,2,44.787,20.449,,,0,,"Belgrade Pride has been banned and attacked in past years, and routes are often announced only shortly beforehand. Follow the organisers for the current plan.",HOSTILE-CLIMATE COUNTRY: Belgrade Pride has been banned and attacked in past years. Route and venue details are often withheld deliberately until shortly before - do not fill them in from an older edition.,
bucharest,Bucharest,Romania,Balkans,2,44.427,26.103,,,0,,,,
cluj,Cluj-Napoca,Romania,Balkans,3,46.771,23.623,,,0,,,,
sofia,Sofia,Bulgaria,Balkans,2,42.698,23.322,,,0,,Sofia Pride has drawn organised counter-demonstrations. Check the organiser's channels before travelling.,Counter-demonstrations have targeted Sofia Pride. Publish only organiser-published detail.,
bratislava,Bratislava,Slovakia,Central Europe,3,48.146,17.107,,,0,,,,
vilnius,Vilnius,Lithuania,Baltics,2,54.687,25.28,,,0,,,,
riga,Riga,Latvia,Baltics,2,56.949,24.105,,,0,,,,
tallinn,Tallinn,Estonia,Baltics,2,59.437,24.754,,,0,,,,
valletta,Valletta,Malta,Southern Europe,2,35.899,14.514,,,0,,,,
nicosia,Nicosia,Cyprus,Southern Europe,3,35.186,33.383,,,0,,,,
luxembourg,Luxembourg,Luxembourg,Western Europe,3,49.611,6.13,,,0,,,,
kyiv,Kyiv,Ukraine,Eastern Europe,3,50.45,30.523,,,0,,"Wartime conditions mean events are often moved, curtailed or held without a public route. Confirm with the organisers.","WARTIME: events are frequently moved, curtailed or held without public routes. Never publish a location the organiser has not.",
istanbul,Istanbul,Turkey,Eastern Europe,2,41.008,28.978,,,0,,Istanbul Pride has been banned since 2015 and participants have been detained. Gathering points are not published here; follow the organisers directly.,"HOSTILE-CLIMATE COUNTRY: Istanbul Pride has been banned since 2015 and participants have been detained. Do NOT publish gathering points, and do not name participants or venues.",
