Start date,End date,Event,Type,Category,City,Country,Venue,Free / Paid,Price,Currency,Description,Why listed,Frequency,Source,Added on,Image
2026-09-11,2026-09-13,Porto Pride Festival (Festival Porto Pride),Pride festival,Pride festival,Porto,Portugal,"Largo Amor de Perdição (Cordoaria), Teatro Rivoli, PINK Club",Mixed,,EUR,"Summit at Teatro Rivoli, an open-air festival at Cordoaria with an after-party, then a drag brunch and drag party boat.",Organised as Porto's LGBTQIA+ Pride by Porto Pride,Annual,https://portopride.com/,2026-09-11,
2026-09-18,2026-09-26,Queer Lisboa — International Queer Film Festival,Film festival,Film,Lisbon,Portugal,Cinema São Jorge,Paid,,EUR,"An international film festival on gender, identity and diversity, now a fixture of Portuguese film culture; 30th edition.",Billed by its organisers as an international queer film festival,Annual,https://www.queerlisboa.pt/,2026-09-18,
2026-09-19,2026-09-19,7.ª Marcha do Orgulho de Santarém,March,Pride march,Santarém,Portugal,Santarém city centre,Free,0,EUR,An LGBTQIA+ Pride march through the city — seventh edition.,Listed on the Portuguese LGBTQIA+ march calendar,Annual,https://maisribatejo.pt/marcha-orgulho-santarem-19-setembro-2026/,2026-09-19,
2026-09-20,2026-09-20,6.ª Marcha pelos Direitos LGBTQIA+ de Leiria,March,Pride march,Leiria,Portugal,Leiria city centre,Free,0,EUR,A march for LGBTQIA+ rights through Leiria — sixth edition.,Listed on the Portuguese LGBTQIA+ march calendar,Annual,https://jamarchavas.pt/calendario-de-marchas-lgbtqia-2026/,2026-09-20,
2026-09-26,2026-09-26,3.ª Marcha do Orgulho de Castelo Branco,March,Pride march,Castelo Branco,Portugal,Castelo Branco city centre,Free,0,EUR,An LGBTQIA+ Pride march — third edition.,Listed on the Portuguese LGBTQIA+ march calendar,Annual,https://jamarchavas.pt/calendario-de-marchas-lgbtqia-2026/,2026-09-26,
2026-09-26,2026-09-26,Marcha do Orgulho da Madeira,March,Pride march,Funchal,Portugal,Funchal city centre,Free,0,EUR,Madeira's LGBTQIA+ Pride march through the island capital.,Listed on the Portuguese LGBTQIA+ march calendar,Annual,https://jamarchavas.pt/calendario-de-marchas-lgbtqia-2026/,2026-09-26,
2026-09-26,2026-09-26,Marcha LGBTQIA+ de Guimarães,March,Pride march,Guimarães,Portugal,Guimarães historic centre,Free,0,EUR,An LGBTQIA+ Pride march through the historic centre.,Listed on the Portuguese LGBTQIA+ march calendar,Annual,https://jamarchavas.pt/calendario-de-marchas-lgbtqia-2026/,2026-09-26,
2026-10-10,2026-10-10,9.ª Marcha pelos Direitos LGBTQIA+ de Viseu,March,Pride march,Viseu,Portugal,Viseu city centre,Free,0,EUR,"Ninth edition, under the theme ""Das margens para as ruas: orgulho na luta"" (from the margins to the streets).",Listed on the Portuguese LGBTQIA+ march calendar,Annual,https://jamarchavas.pt/calendario-de-marchas-lgbtqia-2026/,2026-10-10,
2026-10-24,2026-10-24,2.ª Marcha do Orgulho de Setúbal,March,Pride march,Setúbal,Portugal,Parque do Bonfim,Free,0,EUR,"Second edition, organised independently by Coletivo Qardume. The first gathered at Parque do Bonfim — confirm the route with the organisers.",Organised by the LGBTQIA+ collective Coletivo Qardume,Annual,https://jamarchavas.pt/calendario-de-marchas-lgbtqia-2026/,2026-10-24,
2026-09-25,2026-09-27,Rotterdam Pride,Pride festival,Pride festival,Rotterdam,Netherlands,Rotterdam city centre,Mixed,,EUR,A city-wide Pride programme the organisers frame as a forward-looking celebration of queer culture.,Organised as Rotterdam's Pride,Annual,https://thefabryk.com/blog/european-pride-calendar,2026-09-27,
2026-11-02,2026-11-08,Winter Gay Pride Maspalomas,Pride festival,Pride festival,Maspalomas,Spain,Maspalomas / Playa del Inglés,Mixed,,EUR,"The off-season Gran Canaria Pride week, marking its tenth anniversary edition.",Organised as a Gay Pride week,Annual,https://thefabryk.com/blog/european-pride-calendar,2026-09-27,
2027-06-18,2027-06-26,EuroPride 2027 Torino,Pride festival,Pride festival,Turin,Italy,Turin city centre,Mixed,,EUR,"The pan-European Pride, hosted by Coordinamento Torino Pride, with a parade and a week of events across the city.",Designated EuroPride host by the European Pride Organisers Association,Annual,https://epoa.eu/europride/europride-2027/,2026-09-27,
2027-08-02,2027-08-08,Prague Pride Festival 2027,Pride festival,Pride festival,Prague,Czechia,Prague city centre,Mixed,,CZK,"A week-long festival programme; the previous edition drew about 95,000 people.",Organised as Prague's Pride by Prague Pride,Annual,https://festival.praguepride.com/en/,2026-09-27,
2027-08-07,2027-08-07,Prague Pride Parade 2027,March,Pride march,Prague,Czechia,Prague city centre,Free,0,CZK,The parade that closes the Prague Pride festival week.,"The parade of Prague Pride, per the festival's own programme",Annual,https://festival.praguepride.com/en/,2026-09-27,
